# Species	Genes	Alg.-Conn.	proteome1.faa	proteome2.faa	proteome3.faa	proteome4.faa	proteome5.faa	proteome6.faa	proteome7.faa	proteome8.faa	proteome9.faa	proteome10.faa
567	739	0.792	CDKNKCKH_01935	HJEMAKKM_02529	JLIOHMMF_01759	DPCFGHGE_02806,DPCFGHGE_05225	MFLDHDCJ_04248,MFLDHDCJ_05260	CGLBAHPL_00925,CGLBAHPL_05195	OMBMDDNN_00423,OMBMDDNN_05560	KEIJJBDL_04864,KEIJJBDL_05321	DELKECNM_04015,DELKECNM_05651	AEJOBMLO_00598,AEJOBMLO_05446
567	704	0.563	CDKNKCKH_00384	HJEMAKKM_01052	JLIOHMMF_00413	DPCFGHGE_00580	MFLDHDCJ_01650	CGLBAHPL_03008,CGLBAHPL_05235	OMBMDDNN_04908,OMBMDDNN_05566	KEIJJBDL_03734,KEIJJBDL_05320	DELKECNM_02368,DELKECNM_05683	AEJOBMLO_00246
567	693	0.75	CDKNKCKH_01934	HJEMAKKM_02528	JLIOHMMF_01760	DPCFGHGE_02805	MFLDHDCJ_04247	CGLBAHPL_00924,CGLBAHPL_05196	OMBMDDNN_00424,OMBMDDNN_05561	KEIJJBDL_04865	DELKECNM_04014,DELKECNM_05652	AEJOBMLO_00597
567	690	0.754	CDKNKCKH_01933	HJEMAKKM_02527	JLIOHMMF_01761	DPCFGHGE_02804	MFLDHDCJ_04246	CGLBAHPL_00923,CGLBAHPL_05197	OMBMDDNN_00425,OMBMDDNN_05562	KEIJJBDL_04866	DELKECNM_04013,DELKECNM_05653	AEJOBMLO_00596
567	684	0.782	CDKNKCKH_01938	HJEMAKKM_02532	JLIOHMMF_01756	DPCFGHGE_02809	MFLDHDCJ_04251	CGLBAHPL_00928,CGLBAHPL_05192	OMBMDDNN_00420	KEIJJBDL_04861	DELKECNM_04018,DELKECNM_05648	AEJOBMLO_00601,AEJOBMLO_05443
567	677	0.778	CDKNKCKH_01932	HJEMAKKM_02526	JLIOHMMF_01762	DPCFGHGE_02803	MFLDHDCJ_04245	CGLBAHPL_00922,CGLBAHPL_05198	OMBMDDNN_00426	KEIJJBDL_04867	DELKECNM_04012,DELKECNM_05654	AEJOBMLO_00595
567	675	0.445	CDKNKCKH_01939	HJEMAKKM_02533	JLIOHMMF_01755	DPCFGHGE_02810	MFLDHDCJ_04252	CGLBAHPL_00929,CGLBAHPL_05191	OMBMDDNN_00419	KEIJJBDL_04860	DELKECNM_04019,DELKECNM_05647	AEJOBMLO_00602,AEJOBMLO_05442
567	663	0.765	CDKNKCKH_04707	HJEMAKKM_04869	JLIOHMMF_04470	DPCFGHGE_04283	MFLDHDCJ_03758	CGLBAHPL_03486,CGLBAHPL_05221	OMBMDDNN_01863	KEIJJBDL_04097	DELKECNM_00287,DELKECNM_05671	AEJOBMLO_04717
567	659	0.467	CDKNKCKH_00387	HJEMAKKM_01055	JLIOHMMF_00416	DPCFGHGE_00577	MFLDHDCJ_01653	CGLBAHPL_03011	OMBMDDNN_04911	KEIJJBDL_03737	DELKECNM_02371,DELKECNM_05686	AEJOBMLO_00249
567	657	0.492	CDKNKCKH_04708	HJEMAKKM_04870	JLIOHMMF_04469	DPCFGHGE_04282	MFLDHDCJ_03757	CGLBAHPL_03485	OMBMDDNN_01862	KEIJJBDL_04096	DELKECNM_00286,DELKECNM_05672	AEJOBMLO_04716
567	655	0.78	CDKNKCKH_04709	HJEMAKKM_04871	JLIOHMMF_04468	DPCFGHGE_04281	MFLDHDCJ_03756	CGLBAHPL_03484	OMBMDDNN_01861	KEIJJBDL_04095	DELKECNM_00285,DELKECNM_05673	AEJOBMLO_04715
567	644	0.435	CDKNKCKH_04713	HJEMAKKM_04875	JLIOHMMF_04464	DPCFGHGE_04277	MFLDHDCJ_03752	CGLBAHPL_03480	OMBMDDNN_01857	KEIJJBDL_04091	DELKECNM_00281	AEJOBMLO_04711
567	638	0.388	CDKNKCKH_00376	HJEMAKKM_01044	JLIOHMMF_00405	DPCFGHGE_00588	MFLDHDCJ_01642	CGLBAHPL_03000	OMBMDDNN_04900	KEIJJBDL_03726	DELKECNM_02360	AEJOBMLO_00238
567	636	0.792	CDKNKCKH_04925	HJEMAKKM_05086	JLIOHMMF_04325	DPCFGHGE_05058	MFLDHDCJ_02505	CGLBAHPL_01528	OMBMDDNN_04583	KEIJJBDL_00028	DELKECNM_04410	AEJOBMLO_03484,AEJOBMLO_05384
567	636	0.792	CDKNKCKH_04926	HJEMAKKM_05087	JLIOHMMF_04324	DPCFGHGE_05057	MFLDHDCJ_02504	CGLBAHPL_01527	OMBMDDNN_04584	KEIJJBDL_00027	DELKECNM_04409	AEJOBMLO_03485,AEJOBMLO_05383
567	636	0.782	CDKNKCKH_04927	HJEMAKKM_05088	JLIOHMMF_04323	DPCFGHGE_05056	MFLDHDCJ_02503	CGLBAHPL_01526	OMBMDDNN_04585	KEIJJBDL_00026	DELKECNM_04408	AEJOBMLO_03486,AEJOBMLO_05382
567	636	0.657	CDKNKCKH_04928	HJEMAKKM_05089	JLIOHMMF_04322	DPCFGHGE_05055	MFLDHDCJ_02502	CGLBAHPL_01525	OMBMDDNN_04586	KEIJJBDL_00025	DELKECNM_04407	AEJOBMLO_03487,AEJOBMLO_05381
567	634	0.63	CDKNKCKH_04717	HJEMAKKM_04879	JLIOHMMF_04460	DPCFGHGE_04273	MFLDHDCJ_04953	CGLBAHPL_03476	OMBMDDNN_01854	KEIJJBDL_04088	DELKECNM_00277	AEJOBMLO_04707
567	629	0.794	CDKNKCKH_04930	HJEMAKKM_05091	JLIOHMMF_04320	DPCFGHGE_05053	MFLDHDCJ_02500	CGLBAHPL_01523	OMBMDDNN_04588	KEIJJBDL_00023	DELKECNM_04405	AEJOBMLO_03489,AEJOBMLO_05379
566	568	0.879	CDKNKCKH_02010	HJEMAKKM_01325	JLIOHMMF_03830	DPCFGHGE_02471	MFLDHDCJ_03163	CGLBAHPL_02355	OMBMDDNN_04098	KEIJJBDL_02962	DELKECNM_03461	AEJOBMLO_03570
566	568	0.795	CDKNKCKH_02003	HJEMAKKM_01318	JLIOHMMF_03823	DPCFGHGE_02478	MFLDHDCJ_03170	CGLBAHPL_02362	OMBMDDNN_04105	KEIJJBDL_02969	DELKECNM_03468	AEJOBMLO_03577
566	568	0.793	CDKNKCKH_01996	HJEMAKKM_01311	JLIOHMMF_03816	DPCFGHGE_02486	MFLDHDCJ_03177	CGLBAHPL_02369	OMBMDDNN_04112	KEIJJBDL_02977	DELKECNM_03475	AEJOBMLO_03584
566	568	0.79	CDKNKCKH_00208	HJEMAKKM_00868	JLIOHMMF_00210	DPCFGHGE_00766	MFLDHDCJ_04533	CGLBAHPL_02841	OMBMDDNN_03661	KEIJJBDL_04538	DELKECNM_04867	AEJOBMLO_00059
565	565	0.796	CDKNKCKH_01189	HJEMAKKM_02948	JLIOHMMF_01327	DPCFGHGE_01004	MFLDHDCJ_00638	CGLBAHPL_04320	OMBMDDNN_02933	KEIJJBDL_02490	DELKECNM_05052	AEJOBMLO_05190
565	565	0.796	CDKNKCKH_04572	HJEMAKKM_01651	JLIOHMMF_03966	DPCFGHGE_02142	MFLDHDCJ_00616	CGLBAHPL_02028	OMBMDDNN_03237	KEIJJBDL_03104	DELKECNM_00910	AEJOBMLO_03848
565	565	0.795	CDKNKCKH_02712	HJEMAKKM_00534	JLIOHMMF_04066	DPCFGHGE_03303	MFLDHDCJ_00152	CGLBAHPL_03707	OMBMDDNN_01075	KEIJJBDL_02582	DELKECNM_02874	AEJOBMLO_04123
564	564	0.769	CDKNKCKH_01322	*	JLIOHMMF_01201	DPCFGHGE_00878	MFLDHDCJ_00785	CGLBAHPL_04194	OMBMDDNN_02807	KEIJJBDL_02364	DELKECNM_04780	AEJOBMLO_04849
564	564	0.768	CDKNKCKH_02561	HJEMAKKM_03324	JLIOHMMF_04267	DPCFGHGE_01877	MFLDHDCJ_05114	CGLBAHPL_00348	OMBMDDNN_01991	KEIJJBDL_01434	DELKECNM_00572	AEJOBMLO_04674
564	564	0.766	CDKNKCKH_03241	HJEMAKKM_04009	JLIOHMMF_01544	DPCFGHGE_01218	MFLDHDCJ_04066	CGLBAHPL_01182	OMBMDDNN_03133	KEIJJBDL_00621	DELKECNM_02272	AEJOBMLO_01798
563	563	0.581	CDKNKCKH_01569	HJEMAKKM_03245	JLIOHMMF_03048	DPCFGHGE_02064	MFLDHDCJ_01409	CGLBAHPL_00535	OMBMDDNN_02178	KEIJJBDL_01621	DELKECNM_01857	AEJOBMLO_01277
563	563	0.58	CDKNKCKH_03645	HJEMAKKM_00266	JLIOHMMF_02192	DPCFGHGE_03922	MFLDHDCJ_02265	CGLBAHPL_01918	OMBMDDNN_00847	KEIJJBDL_00408	DELKECNM_01358	AEJOBMLO_02404
562	562	0.503	CDKNKCKH_00076	HJEMAKKM_00730	JLIOHMMF_00076	DPCFGHGE_01463	MFLDHDCJ_02181	CGLBAHPL_01429	OMBMDDNN_02695	KEIJJBDL_00856	DELKECNM_02575	AEJOBMLO_02679
562	562	0.493	CDKNKCKH_01172	HJEMAKKM_02931	JLIOHMMF_01344	DPCFGHGE_01021	MFLDHDCJ_04504	CGLBAHPL_00965	OMBMDDNN_02950	KEIJJBDL_04905	DELKECNM_03800	AEJOBMLO_03621
562	562	0.489	CDKNKCKH_02564	HJEMAKKM_03321	JLIOHMMF_04270	DPCFGHGE_01880	MFLDHDCJ_02864	CGLBAHPL_00351	OMBMDDNN_01994	KEIJJBDL_01437	DELKECNM_00575	AEJOBMLO_04671
562	562	0.487	CDKNKCKH_00101	HJEMAKKM_00755	JLIOHMMF_00101	DPCFGHGE_01488	MFLDHDCJ_03187	CGLBAHPL_01454	OMBMDDNN_02720	KEIJJBDL_00881	DELKECNM_02548	AEJOBMLO_02709
562	562	0.486	CDKNKCKH_03229	HJEMAKKM_03997	JLIOHMMF_01532	DPCFGHGE_01206	MFLDHDCJ_02876	CGLBAHPL_01170	OMBMDDNN_03121	KEIJJBDL_00609	DELKECNM_02260	AEJOBMLO_01786
562	562	0.482	CDKNKCKH_01171	HJEMAKKM_02930	JLIOHMMF_01345	DPCFGHGE_01022	MFLDHDCJ_04503	CGLBAHPL_00966	OMBMDDNN_02951	KEIJJBDL_04906	DELKECNM_03801	AEJOBMLO_03622
558	559	0.494	CDKNKCKH_01420	HJEMAKKM_04601	JLIOHMMF_01108	DPCFGHGE_00795	MFLDHDCJ_04146	CGLBAHPL_04110	OMBMDDNN_04240	KEIJJBDL_02262	DELKECNM_03214	AEJOBMLO_04567
540	540	0.624	CDKNKCKH_00655	HJEMAKKM_02115	JLIOHMMF_00660	DPCFGHGE_00331	MFLDHDCJ_01446	CGLBAHPL_04617	OMBMDDNN_01326	KEIJJBDL_01042	DELKECNM_02147	AEJOBMLO_01481
540	540	0.511	CDKNKCKH_03096	HJEMAKKM_03512	JLIOHMMF_02444	DPCFGHGE_03653	*	CGLBAHPL_03219	OMBMDDNN_01601	KEIJJBDL_04183	DELKECNM_00028	AEJOBMLO_01612
539	540	0.676	CDKNKCKH_01532	HJEMAKKM_02775	JLIOHMMF_03764	DPCFGHGE_03571	MFLDHDCJ_04342	CGLBAHPL_02741	OMBMDDNN_00370	KEIJJBDL_01901	DELKECNM_03327	AEJOBMLO_05014
539	539	0.552	CDKNKCKH_00680	HJEMAKKM_02089	JLIOHMMF_00685	DPCFGHGE_00306	MFLDHDCJ_01472	CGLBAHPL_04642	OMBMDDNN_01300	KEIJJBDL_01017	DELKECNM_02121	AEJOBMLO_01456
539	539	0.456	CDKNKCKH_01183	HJEMAKKM_02942	JLIOHMMF_01333	DPCFGHGE_01010	MFLDHDCJ_00632	CGLBAHPL_04326	OMBMDDNN_02939	KEIJJBDL_02496	DELKECNM_05058	AEJOBMLO_05196
539	539	0.291	CDKNKCKH_00624	HJEMAKKM_01272	JLIOHMMF_00633	DPCFGHGE_00365	MFLDHDCJ_04577	CGLBAHPL_04582	OMBMDDNN_01353	KEIJJBDL_01070	*	AEJOBMLO_01514
539	539	0.0041	CDKNKCKH_01182	HJEMAKKM_02941	JLIOHMMF_01334	DPCFGHGE_01011	MFLDHDCJ_00631	CGLBAHPL_04327	OMBMDDNN_02940	KEIJJBDL_02497	DELKECNM_05059	AEJOBMLO_05197
538	630	0.327	CDKNKCKH_00637	HJEMAKKM_02139,HJEMAKKM_02587	JLIOHMMF_00642	DPCFGHGE_00350	MFLDHDCJ_04361	CGLBAHPL_04599	OMBMDDNN_01340,OMBMDDNN_00187	KEIJJBDL_01061,KEIJJBDL_01710	DELKECNM_05412	AEJOBMLO_01505
538	542	0.465	CDKNKCKH_04769	HJEMAKKM_05374	JLIOHMMF_04407	DPCFGHGE_04221	MFLDHDCJ_03728	CGLBAHPL_03420	OMBMDDNN_01802	KEIJJBDL_04036	DELKECNM_00229	AEJOBMLO_03225
538	539	0.446	CDKNKCKH_01533	HJEMAKKM_02774	JLIOHMMF_03765	DPCFGHGE_03570	*	CGLBAHPL_02740	OMBMDDNN_00369	KEIJJBDL_01900	DELKECNM_03328	AEJOBMLO_05015
538	538	0.00364	CDKNKCKH_01091	HJEMAKKM_02866	JLIOHMMF_01425	DPCFGHGE_01100	MFLDHDCJ_02236	CGLBAHPL_01056	OMBMDDNN_03015	KEIJJBDL_00502	DELKECNM_03858	AEJOBMLO_03697
537	544	0.51	CDKNKCKH_00268	HJEMAKKM_00940	JLIOHMMF_00298	DPCFGHGE_00695	MFLDHDCJ_03369	CGLBAHPL_02896	OMBMDDNN_03599	KEIJJBDL_03618	DELKECNM_03772	AEJOBMLO_00131
537	538	0.248	CDKNKCKH_01459	HJEMAKKM_02848	JLIOHMMF_03690	DPCFGHGE_04587	*	CGLBAHPL_05019	OMBMDDNN_05123	KEIJJBDL_05029	*	AEJOBMLO_04830
537	537	0.429	CDKNKCKH_01511	HJEMAKKM_02796	JLIOHMMF_03743	DPCFGHGE_03592	*	CGLBAHPL_02762	*	KEIJJBDL_01922	DELKECNM_03306	AEJOBMLO_04933
536	573	0.38	CDKNKCKH_00403	HJEMAKKM_01070	JLIOHMMF_00431	DPCFGHGE_00561	MFLDHDCJ_04105	CGLBAHPL_03028	OMBMDDNN_04928	KEIJJBDL_03752	DELKECNM_02386	AEJOBMLO_00266
536	552	0.576	CDKNKCKH_00310	HJEMAKKM_00981	JLIOHMMF_00336	DPCFGHGE_00654	MFLDHDCJ_02445	CGLBAHPL_02936	OMBMDDNN_03558	KEIJJBDL_03659	*	AEJOBMLO_00172
536	537	0.49	CDKNKCKH_00176	HJEMAKKM_00830	JLIOHMMF_00177	DPCFGHGE_04962	MFLDHDCJ_02558	CGLBAHPL_02808	OMBMDDNN_03694	KEIJJBDL_04573	DELKECNM_04122	AEJOBMLO_00028
536	536	0.682	CDKNKCKH_01150	HJEMAKKM_02909	JLIOHMMF_01366	DPCFGHGE_01043	MFLDHDCJ_01853	CGLBAHPL_00987	OMBMDDNN_02972	KEIJJBDL_04927	DELKECNM_03822	AEJOBMLO_03643
536	536	0.456	CDKNKCKH_03071	HJEMAKKM_03537	JLIOHMMF_02469	DPCFGHGE_03678	*	CGLBAHPL_03244	OMBMDDNN_01626	KEIJJBDL_04208	DELKECNM_00053	AEJOBMLO_01637
536	536	0.0198	CDKNKCKH_01298	HJEMAKKM_03051	JLIOHMMF_01225	DPCFGHGE_00902	MFLDHDCJ_04970	CGLBAHPL_04218	OMBMDDNN_02831	KEIJJBDL_02388	DELKECNM_04804	AEJOBMLO_04873
535	539	0.466	CDKNKCKH_00249	HJEMAKKM_00919	JLIOHMMF_00259	DPCFGHGE_00715	MFLDHDCJ_04088	CGLBAHPL_02880	OMBMDDNN_03620	KEIJJBDL_05146	DELKECNM_04814	AEJOBMLO_00100
535	536	0.578	CDKNKCKH_00186	HJEMAKKM_00840	JLIOHMMF_00185	DPCFGHGE_00791	MFLDHDCJ_02550	CGLBAHPL_02815	OMBMDDNN_03686	KEIJJBDL_04564	DELKECNM_04132	AEJOBMLO_00036
535	535	0.00387	CDKNKCKH_00638	HJEMAKKM_02138	JLIOHMMF_00643	DPCFGHGE_00349	MFLDHDCJ_04360	CGLBAHPL_04600	OMBMDDNN_01339	KEIJJBDL_01060	*	AEJOBMLO_01504
534	535	0.528	CDKNKCKH_00188	HJEMAKKM_00842	JLIOHMMF_00187	DPCFGHGE_00789	MFLDHDCJ_02548	CGLBAHPL_02817	OMBMDDNN_03684	KEIJJBDL_04562	DELKECNM_04134	AEJOBMLO_00038
534	534	0.612	CDKNKCKH_02783	HJEMAKKM_00453	JLIOHMMF_02348	DPCFGHGE_03233	MFLDHDCJ_00499	CGLBAHPL_03630	OMBMDDNN_01006	KEIJJBDL_02650	DELKECNM_05361	AEJOBMLO_02849
534	534	0.00113	CDKNKCKH_03526	HJEMAKKM_04823	JLIOHMMF_03214	DPCFGHGE_02899	MFLDHDCJ_00505	CGLBAHPL_04392	OMBMDDNN_02263	KEIJJBDL_02000	DELKECNM_02823	AEJOBMLO_00832
533	668	0.484	CDKNKCKH_04916	HJEMAKKM_04719	JLIOHMMF_04327	*	MFLDHDCJ_03613	CGLBAHPL_01572	OMBMDDNN_04581	KEIJJBDL_00057,KEIJJBDL_05297,KEIJJBDL_05303	DELKECNM_04198,DELKECNM_05604	AEJOBMLO_03482,AEJOBMLO_05386
533	533	0.713	CDKNKCKH_02784	HJEMAKKM_00452	JLIOHMMF_02347	DPCFGHGE_03232	MFLDHDCJ_00498	CGLBAHPL_03629	OMBMDDNN_01005	KEIJJBDL_02651	DELKECNM_05362	AEJOBMLO_02848
533	533	0.52	CDKNKCKH_01199	HJEMAKKM_02958	JLIOHMMF_01317	DPCFGHGE_00994	MFLDHDCJ_00648	CGLBAHPL_04310	OMBMDDNN_02923	KEIJJBDL_02480	*	*
533	533	0.00247	CDKNKCKH_03131	HJEMAKKM_03477	JLIOHMMF_02409	DPCFGHGE_03618	MFLDHDCJ_01736	CGLBAHPL_03184	OMBMDDNN_01566	KEIJJBDL_04148	*	AEJOBMLO_01577
532	533	0.59	CDKNKCKH_00187	HJEMAKKM_00841	JLIOHMMF_00186	DPCFGHGE_00790	MFLDHDCJ_02549	CGLBAHPL_02816	OMBMDDNN_03685	KEIJJBDL_04563	DELKECNM_04133	AEJOBMLO_00037
532	532	0.518	CDKNKCKH_00922	HJEMAKKM_01888	JLIOHMMF_00951	DPCFGHGE_00039	MFLDHDCJ_03549	CGLBAHPL_03872	OMBMDDNN_03781	KEIJJBDL_04384	DELKECNM_04337	AEJOBMLO_02540
532	532	0.491	CDKNKCKH_00921	HJEMAKKM_01889	JLIOHMMF_00950	DPCFGHGE_00040	MFLDHDCJ_03546	CGLBAHPL_03874	OMBMDDNN_03782	KEIJJBDL_04383	DELKECNM_04334	AEJOBMLO_02538
531	532	0.501	CDKNKCKH_00636	HJEMAKKM_02140	JLIOHMMF_00641	DPCFGHGE_00351	MFLDHDCJ_04362	CGLBAHPL_04598	OMBMDDNN_01341	KEIJJBDL_01062	*	AEJOBMLO_01506
530	531	0.487	CDKNKCKH_03285	HJEMAKKM_04043	JLIOHMMF_01595	DPCFGHGE_01257	MFLDHDCJ_01957	CGLBAHPL_01233	OMBMDDNN_03183	KEIJJBDL_00655	DELKECNM_01205	AEJOBMLO_01848
529	529	0.631	CDKNKCKH_00048	HJEMAKKM_00702	JLIOHMMF_00048	DPCFGHGE_01435	MFLDHDCJ_02153	CGLBAHPL_01401	*	KEIJJBDL_00828	DELKECNM_02603	AEJOBMLO_02651
528	581	0.616	CDKNKCKH_04889	HJEMAKKM_04746	JLIOHMMF_04373	DPCFGHGE_04665	MFLDHDCJ_02607	CGLBAHPL_01618	OMBMDDNN_04554	KEIJJBDL_00103	DELKECNM_05191	AEJOBMLO_03436
528	530	0.13	CDKNKCKH_00626	HJEMAKKM_01274	JLIOHMMF_00635	DPCFGHGE_00363	MFLDHDCJ_04579	CGLBAHPL_04585	OMBMDDNN_01351	KEIJJBDL_01068	*	AEJOBMLO_01512
528	529	0.51	CDKNKCKH_03284	HJEMAKKM_04042	JLIOHMMF_01594	DPCFGHGE_01256,DPCFGHGE_00294	MFLDHDCJ_01958	CGLBAHPL_01232	OMBMDDNN_03182	KEIJJBDL_00654	DELKECNM_01206	AEJOBMLO_01847
527	528	0.498	CDKNKCKH_03283	HJEMAKKM_04041	JLIOHMMF_01593	DPCFGHGE_01255	MFLDHDCJ_01959	CGLBAHPL_01231	OMBMDDNN_03181	KEIJJBDL_00653	DELKECNM_01207	AEJOBMLO_01846
527	527	0.78	CDKNKCKH_04838	HJEMAKKM_03782	JLIOHMMF_04673	DPCFGHGE_03114	MFLDHDCJ_01668	CGLBAHPL_04773	OMBMDDNN_02479	KEIJJBDL_02208	DELKECNM_03492	AEJOBMLO_00623
527	527	0.543	CDKNKCKH_04839	HJEMAKKM_03781	JLIOHMMF_04674	DPCFGHGE_03115	MFLDHDCJ_01667	CGLBAHPL_04772	OMBMDDNN_02480	KEIJJBDL_02209	DELKECNM_03491	AEJOBMLO_00622
526	526	0.581	CDKNKCKH_04267	HJEMAKKM_00121	JLIOHMMF_05119	DPCFGHGE_04435	MFLDHDCJ_01318	CGLBAHPL_01773	OMBMDDNN_03991	KEIJJBDL_00263	DELKECNM_01715	*
524	524	0.00396	CDKNKCKH_00627	HJEMAKKM_01275	JLIOHMMF_00636	DPCFGHGE_00362	*	CGLBAHPL_04586	OMBMDDNN_01350	KEIJJBDL_01067	*	AEJOBMLO_01511
523	529	0.635	CDKNKCKH_00189	HJEMAKKM_00843	JLIOHMMF_00188	DPCFGHGE_00788	*	CGLBAHPL_02818	OMBMDDNN_03683	KEIJJBDL_04561	DELKECNM_04135	AEJOBMLO_00039
522	522	0.00676	CDKNKCKH_00625	HJEMAKKM_01273	JLIOHMMF_00634	DPCFGHGE_00364	MFLDHDCJ_04578	CGLBAHPL_04583	OMBMDDNN_01352	KEIJJBDL_01069	*	AEJOBMLO_01513
521	521	0.448	CDKNKCKH_00649	HJEMAKKM_02127	JLIOHMMF_00654	DPCFGHGE_00338	MFLDHDCJ_01434	CGLBAHPL_04611	*	KEIJJBDL_01049	DELKECNM_02159	AEJOBMLO_01493
519	583	0.833	CDKNKCKH_00642	HJEMAKKM_02582,HJEMAKKM_02134	JLIOHMMF_00647	DPCFGHGE_00345	MFLDHDCJ_04356	CGLBAHPL_04604	OMBMDDNN_01335,OMBMDDNN_00182	KEIJJBDL_01056,KEIJJBDL_01704	DELKECNM_04655	AEJOBMLO_01500
519	531	0.449	CDKNKCKH_01372	HJEMAKKM_04558	JLIOHMMF_01151	DPCFGHGE_00838	MFLDHDCJ_03479	CGLBAHPL_04153	OMBMDDNN_04197	KEIJJBDL_02306	DELKECNM_03170	AEJOBMLO_04618
519	519	0.533	CDKNKCKH_00651	HJEMAKKM_02120	JLIOHMMF_00656	DPCFGHGE_00336	MFLDHDCJ_01441	CGLBAHPL_04613	*	KEIJJBDL_01047	DELKECNM_02152	AEJOBMLO_01486
519	519	0.43	CDKNKCKH_01442	HJEMAKKM_04623	JLIOHMMF_03671	DPCFGHGE_04571	MFLDHDCJ_04671	CGLBAHPL_05079	*	KEIJJBDL_02240	DELKECNM_05385	AEJOBMLO_04988
519	519	0.00356	CDKNKCKH_00652	HJEMAKKM_02119	JLIOHMMF_00657	DPCFGHGE_00335	MFLDHDCJ_01442	CGLBAHPL_04614	*	KEIJJBDL_01045	DELKECNM_02151	AEJOBMLO_01485
516	516	0.487	*	HJEMAKKM_03940	JLIOHMMF_01475	DPCFGHGE_01149	*	CGLBAHPL_01113	OMBMDDNN_03064	KEIJJBDL_00552	DELKECNM_02203	*
516	516	0.47	*	HJEMAKKM_03943	JLIOHMMF_01478	DPCFGHGE_01152	*	CGLBAHPL_01116	OMBMDDNN_03067	KEIJJBDL_00555	DELKECNM_02206	*
515	515	0.773	*	HJEMAKKM_03941	JLIOHMMF_01476	DPCFGHGE_01150	*	CGLBAHPL_01114	OMBMDDNN_03065	KEIJJBDL_00553	DELKECNM_02204	*
515	515	0.732	CDKNKCKH_00106	HJEMAKKM_00760	JLIOHMMF_00106	DPCFGHGE_01493	MFLDHDCJ_03182	CGLBAHPL_01459	OMBMDDNN_02725	KEIJJBDL_00886	DELKECNM_02543	AEJOBMLO_02714
515	515	0.667	CDKNKCKH_00663	HJEMAKKM_02107	JLIOHMMF_00668	DPCFGHGE_00323	MFLDHDCJ_01454	CGLBAHPL_04625	OMBMDDNN_01318	KEIJJBDL_01034	DELKECNM_02139	AEJOBMLO_01473
515	515	0.557	CDKNKCKH_00666	HJEMAKKM_02104	JLIOHMMF_00671	DPCFGHGE_00320	MFLDHDCJ_01457	CGLBAHPL_04628	OMBMDDNN_01315	KEIJJBDL_01031	DELKECNM_02136	AEJOBMLO_01470
515	515	0.454	CDKNKCKH_00664	HJEMAKKM_02106	JLIOHMMF_00669	DPCFGHGE_00322	MFLDHDCJ_01455	CGLBAHPL_04626	OMBMDDNN_01317	KEIJJBDL_01033	DELKECNM_02138	AEJOBMLO_01472
514	523	0.866	CDKNKCKH_01371	HJEMAKKM_04557	JLIOHMMF_01152	DPCFGHGE_00839	MFLDHDCJ_03480	CGLBAHPL_04154	OMBMDDNN_04196	KEIJJBDL_02307	DELKECNM_03169	AEJOBMLO_04619
514	514	0.446	*	HJEMAKKM_03942	JLIOHMMF_01477	DPCFGHGE_01151	*	CGLBAHPL_01115	OMBMDDNN_03066	KEIJJBDL_00554	DELKECNM_02205	*
514	514	0.443	CDKNKCKH_03662	HJEMAKKM_00249	JLIOHMMF_02175	DPCFGHGE_03905	MFLDHDCJ_04552	CGLBAHPL_01901	*	KEIJJBDL_00391	DELKECNM_01341	AEJOBMLO_02387
514	514	0.000673	CDKNKCKH_00662	HJEMAKKM_02108	JLIOHMMF_00667	DPCFGHGE_00324	MFLDHDCJ_01453	CGLBAHPL_04624	OMBMDDNN_01319	KEIJJBDL_01035	DELKECNM_02140	AEJOBMLO_01474
513	513	0.68	CDKNKCKH_00661	HJEMAKKM_02109	JLIOHMMF_00666	DPCFGHGE_00325	MFLDHDCJ_01452	CGLBAHPL_04623	OMBMDDNN_01320	KEIJJBDL_01036	DELKECNM_02141	AEJOBMLO_01475
513	513	0.59	CDKNKCKH_00658	HJEMAKKM_02112	JLIOHMMF_00663	DPCFGHGE_00328	MFLDHDCJ_01449	CGLBAHPL_04620	OMBMDDNN_01323	KEIJJBDL_01039	DELKECNM_02144	AEJOBMLO_01478
513	513	0.49	CDKNKCKH_03661	HJEMAKKM_00250	JLIOHMMF_02176	DPCFGHGE_03906	MFLDHDCJ_04553	CGLBAHPL_01902	*	KEIJJBDL_00392	DELKECNM_01342	AEJOBMLO_02388
513	513	0.489	CDKNKCKH_00667	HJEMAKKM_02103	JLIOHMMF_00672	DPCFGHGE_00319	MFLDHDCJ_01458	CGLBAHPL_04629	OMBMDDNN_01314	KEIJJBDL_01030	DELKECNM_02135	AEJOBMLO_01469
512	514	0.513	CDKNKCKH_01398	HJEMAKKM_04579	JLIOHMMF_01130	DPCFGHGE_00817	*	CGLBAHPL_04132	OMBMDDNN_04218	KEIJJBDL_02284	DELKECNM_03192	AEJOBMLO_04589
512	514	0.149	CDKNKCKH_00635	HJEMAKKM_02141	JLIOHMMF_00640	DPCFGHGE_00352	MFLDHDCJ_04363	CGLBAHPL_04597	OMBMDDNN_01342	KEIJJBDL_01063	*	AEJOBMLO_01507
512	512	0.587	CDKNKCKH_00659	HJEMAKKM_02111	JLIOHMMF_00664	DPCFGHGE_00327	MFLDHDCJ_01450	CGLBAHPL_04621	OMBMDDNN_01322	KEIJJBDL_01038	DELKECNM_02143	AEJOBMLO_01477
512	512	0.476	CDKNKCKH_00665	HJEMAKKM_02105	JLIOHMMF_00670	DPCFGHGE_00321	MFLDHDCJ_01456	CGLBAHPL_04627	OMBMDDNN_01316	KEIJJBDL_01032	DELKECNM_02137	AEJOBMLO_01471
511	511	0.452	CDKNKCKH_00660	HJEMAKKM_02110	JLIOHMMF_00665	DPCFGHGE_00326	MFLDHDCJ_01451	CGLBAHPL_04622	OMBMDDNN_01321	KEIJJBDL_01037	DELKECNM_02142	AEJOBMLO_01476
510	510	0.637	CDKNKCKH_01249	HJEMAKKM_03002	JLIOHMMF_01274	DPCFGHGE_00951	*	CGLBAHPL_04267	OMBMDDNN_02880	KEIJJBDL_02437	DELKECNM_02735	AEJOBMLO_04056
510	510	0.437	CDKNKCKH_03282	HJEMAKKM_04040	JLIOHMMF_01592	DPCFGHGE_01254	MFLDHDCJ_01960	CGLBAHPL_01230	OMBMDDNN_03180	KEIJJBDL_00652	DELKECNM_01208	*
509	509	0.686	CDKNKCKH_02093	HJEMAKKM_01409	JLIOHMMF_02643	DPCFGHGE_02387	*	CGLBAHPL_02273	*	KEIJJBDL_02880	DELKECNM_04071	AEJOBMLO_02905
509	509	0.57	CDKNKCKH_03659	HJEMAKKM_00252	JLIOHMMF_02178	DPCFGHGE_03908	MFLDHDCJ_04555	CGLBAHPL_01904	*	KEIJJBDL_00394	DELKECNM_01344	AEJOBMLO_02390
508	508	0.706	CDKNKCKH_03660	HJEMAKKM_00251	JLIOHMMF_02177	DPCFGHGE_03907	MFLDHDCJ_04554	CGLBAHPL_01903	*	KEIJJBDL_00393	DELKECNM_01343	AEJOBMLO_02389
508	508	0.59	CDKNKCKH_01575	*	JLIOHMMF_03042	DPCFGHGE_02070	MFLDHDCJ_01403	CGLBAHPL_00541	OMBMDDNN_02184	KEIJJBDL_03811	*	AEJOBMLO_01283
507	507	0.588	CDKNKCKH_01579	*	JLIOHMMF_03038	DPCFGHGE_02074	MFLDHDCJ_01399	CGLBAHPL_00545	OMBMDDNN_02188	KEIJJBDL_03815	*	AEJOBMLO_01287
507	507	0.532	CDKNKCKH_01576	*	JLIOHMMF_03041	DPCFGHGE_02071	MFLDHDCJ_01402	CGLBAHPL_00542	OMBMDDNN_02185	KEIJJBDL_03812	*	AEJOBMLO_01284
507	507	0.443	CDKNKCKH_01574	*	JLIOHMMF_03043	DPCFGHGE_02069	MFLDHDCJ_01404	CGLBAHPL_00540	OMBMDDNN_02183	KEIJJBDL_03810	*	AEJOBMLO_01282
507	507	0.00144	CDKNKCKH_01578	*	JLIOHMMF_03039	DPCFGHGE_02073	MFLDHDCJ_01400	CGLBAHPL_00544	OMBMDDNN_02187	KEIJJBDL_03814	*	AEJOBMLO_01286
505	505	0.507	CDKNKCKH_00657	HJEMAKKM_02113	JLIOHMMF_00662	DPCFGHGE_00329	MFLDHDCJ_01448	CGLBAHPL_04619	OMBMDDNN_01324	KEIJJBDL_01040	DELKECNM_02145	AEJOBMLO_01479
503	505	0.743	CDKNKCKH_00230	HJEMAKKM_00893	JLIOHMMF_00233	DPCFGHGE_00741	MFLDHDCJ_03042	CGLBAHPL_02863	OMBMDDNN_03638	KEIJJBDL_04516	DELKECNM_04608	AEJOBMLO_00081
499	541	0.355	CDKNKCKH_00641	HJEMAKKM_02135,HJEMAKKM_02583	JLIOHMMF_00646	DPCFGHGE_00346	MFLDHDCJ_04357	CGLBAHPL_04603	OMBMDDNN_00183,OMBMDDNN_01336	KEIJJBDL_01057,KEIJJBDL_01705	*	AEJOBMLO_01501
499	499	0.00309	CDKNKCKH_03703	HJEMAKKM_00208	JLIOHMMF_02134	DPCFGHGE_03864	MFLDHDCJ_00275	CGLBAHPL_01860	*	KEIJJBDL_00350	DELKECNM_01300	AEJOBMLO_02346
496	496	0.574	CDKNKCKH_03658	HJEMAKKM_00253	JLIOHMMF_02179	DPCFGHGE_03909	MFLDHDCJ_04556	CGLBAHPL_01905	OMBMDDNN_00834	KEIJJBDL_00395	DELKECNM_01345	AEJOBMLO_02391
491	495	0.459	CDKNKCKH_00265	HJEMAKKM_00935	JLIOHMMF_00293	DPCFGHGE_00699	MFLDHDCJ_04114	*	OMBMDDNN_03604	KEIJJBDL_05162	DELKECNM_04831	AEJOBMLO_00116
490	490	0.781	CDKNKCKH_04531	HJEMAKKM_01610	JLIOHMMF_03925	DPCFGHGE_02183	MFLDHDCJ_04194	CGLBAHPL_02069	OMBMDDNN_03278	KEIJJBDL_03145	DELKECNM_00951	AEJOBMLO_03889
489	489	0.779	CDKNKCKH_04532	HJEMAKKM_01611	JLIOHMMF_03926	DPCFGHGE_02182	MFLDHDCJ_04193	CGLBAHPL_02068	OMBMDDNN_03277	KEIJJBDL_03144	DELKECNM_00950	AEJOBMLO_03888
489	489	0.775	CDKNKCKH_02391	HJEMAKKM_05040	JLIOHMMF_02930	DPCFGHGE_01707	MFLDHDCJ_02661	CGLBAHPL_00178	OMBMDDNN_03444	KEIJJBDL_03401	DELKECNM_00402	AEJOBMLO_00969
485	485	0.577	*	HJEMAKKM_02785	JLIOHMMF_03754	DPCFGHGE_03581	MFLDHDCJ_04332	CGLBAHPL_02751	OMBMDDNN_00380	KEIJJBDL_01911	DELKECNM_03317	AEJOBMLO_04922
484	484	0.929	CDKNKCKH_02670	HJEMAKKM_00576	JLIOHMMF_04108	DPCFGHGE_03345	MFLDHDCJ_00194	CGLBAHPL_03749	OMBMDDNN_01131	KEIJJBDL_02540	DELKECNM_02915	AEJOBMLO_04165
484	484	0.0258	CDKNKCKH_05200	HJEMAKKM_03854	*	DPCFGHGE_03042	MFLDHDCJ_04959	*	OMBMDDNN_02406	KEIJJBDL_02136	DELKECNM_03271	AEJOBMLO_00696
483	483	0.863	CDKNKCKH_05201	HJEMAKKM_03853	*	DPCFGHGE_03043	MFLDHDCJ_04958	*	OMBMDDNN_02407	KEIJJBDL_02137	DELKECNM_03272	AEJOBMLO_00695
480	484	0.49	CDKNKCKH_00266	HJEMAKKM_00936	JLIOHMMF_00294	DPCFGHGE_00698	MFLDHDCJ_04113	*	OMBMDDNN_03603	KEIJJBDL_05163	DELKECNM_04832	AEJOBMLO_00117
478	484	0.45	CDKNKCKH_00267	HJEMAKKM_00937	JLIOHMMF_00295	DPCFGHGE_00697	MFLDHDCJ_04112	*	OMBMDDNN_03602	KEIJJBDL_05164	DELKECNM_04833	AEJOBMLO_00118
477	477	0.00406	CDKNKCKH_03766	HJEMAKKM_00146	JLIOHMMF_02071	*	*	CGLBAHPL_01798	*	KEIJJBDL_00288	DELKECNM_01238	AEJOBMLO_02284
474	476	0.217	CDKNKCKH_00235	HJEMAKKM_00898	JLIOHMMF_00238	DPCFGHGE_00736	MFLDHDCJ_03047	*	OMBMDDNN_03633	KEIJJBDL_04511	DELKECNM_04613	AEJOBMLO_00086
471	471	0.841	CDKNKCKH_01871	HJEMAKKM_02469	JLIOHMMF_01829	DPCFGHGE_02730	MFLDHDCJ_00124	CGLBAHPL_00835	OMBMDDNN_00493	*	DELKECNM_00818	AEJOBMLO_00539
471	471	0.00542	CDKNKCKH_00739	HJEMAKKM_02030	JLIOHMMF_00807	DPCFGHGE_00183	MFLDHDCJ_03969	CGLBAHPL_04039	*	*	DELKECNM_02062	AEJOBMLO_01398
470	472	0.454	CDKNKCKH_00234	HJEMAKKM_00897	JLIOHMMF_00237	DPCFGHGE_00737	MFLDHDCJ_03046	*	OMBMDDNN_03634	KEIJJBDL_04512	DELKECNM_04612	AEJOBMLO_00085
468	468	0.867	CDKNKCKH_05140	HJEMAKKM_05340	JLIOHMMF_05026	*	MFLDHDCJ_04178	*	OMBMDDNN_02348	KEIJJBDL_02078	DELKECNM_04245	AEJOBMLO_00754
466	515	0.778	*	HJEMAKKM_01064	JLIOHMMF_00425	*	*	CGLBAHPL_03020	OMBMDDNN_04920	*	DELKECNM_02380	AEJOBMLO_00258
464	464	0.119	CDKNKCKH_01701	HJEMAKKM_02227	JLIOHMMF_01999	*	MFLDHDCJ_01136	*	OMBMDDNN_00687	KEIJJBDL_03933	DELKECNM_00647	AEJOBMLO_00368
459	459	0.000865	CDKNKCKH_02115	HJEMAKKM_01431	JLIOHMMF_02665	DPCFGHGE_02365	MFLDHDCJ_02834	CGLBAHPL_02251	OMBMDDNN_04416	KEIJJBDL_02858	DELKECNM_04049	AEJOBMLO_02927
458	496	0.741	CDKNKCKH_01923	HJEMAKKM_02517	JLIOHMMF_01771	*	MFLDHDCJ_01916	CGLBAHPL_00913	OMBMDDNN_00435	KEIJJBDL_04876	DELKECNM_04003	AEJOBMLO_00586
457	457	0.519	CDKNKCKH_02116	HJEMAKKM_01432	JLIOHMMF_02666	DPCFGHGE_02364	MFLDHDCJ_02835	CGLBAHPL_02250	OMBMDDNN_04417	KEIJJBDL_02857	DELKECNM_04048	AEJOBMLO_02928
453	453	0.696	CDKNKCKH_03527	HJEMAKKM_04824	JLIOHMMF_03213	DPCFGHGE_02900	*	*	OMBMDDNN_02264	KEIJJBDL_02001	DELKECNM_02824	AEJOBMLO_00831
453	453	0.63	*	HJEMAKKM_04301	JLIOHMMF_02977	DPCFGHGE_01665	MFLDHDCJ_01897	CGLBAHPL_00131	*	*	DELKECNM_00355	AEJOBMLO_00922
452	452	0.00155	CDKNKCKH_01434	HJEMAKKM_04615	JLIOHMMF_01094	DPCFGHGE_04563	*	CGLBAHPL_05071	OMBMDDNN_04254	KEIJJBDL_02248	DELKECNM_04957	AEJOBMLO_04996
451	451	0.57	CDKNKCKH_00719	HJEMAKKM_02050	JLIOHMMF_00787	DPCFGHGE_00203	MFLDHDCJ_02343	*	OMBMDDNN_01261	KEIJJBDL_00978	DELKECNM_02082	*
451	451	0.484	CDKNKCKH_01435	HJEMAKKM_04616	JLIOHMMF_01093	DPCFGHGE_04564	*	CGLBAHPL_05072	OMBMDDNN_04255	KEIJJBDL_02247	DELKECNM_04956	AEJOBMLO_04995
451	451	0.459	*	HJEMAKKM_04302	JLIOHMMF_02976	DPCFGHGE_01666	MFLDHDCJ_01896	CGLBAHPL_00132	*	*	DELKECNM_00356	AEJOBMLO_00923
451	451	0.000782	CDKNKCKH_01438	HJEMAKKM_04619	JLIOHMMF_01090	DPCFGHGE_04567	*	CGLBAHPL_05075	OMBMDDNN_04258	KEIJJBDL_02244	DELKECNM_04953	AEJOBMLO_04992
451	451	0.000476	CDKNKCKH_01439	HJEMAKKM_04620	JLIOHMMF_01089	DPCFGHGE_04568	*	CGLBAHPL_05076	OMBMDDNN_04259	KEIJJBDL_02243	DELKECNM_04952	AEJOBMLO_04991
450	568	0.163	CDKNKCKH_02628,CDKNKCKH_02949	HJEMAKKM_00618	JLIOHMMF_04150	DPCFGHGE_05030,DPCFGHGE_03800	*	CGLBAHPL_03791	OMBMDDNN_01173	KEIJJBDL_05069	DELKECNM_04382	*
449	508	0.64	CDKNKCKH_04714	HJEMAKKM_04876	JLIOHMMF_04463	DPCFGHGE_04276	MFLDHDCJ_03751	CGLBAHPL_03479	*	*	DELKECNM_00280	AEJOBMLO_04710
449	449	0.462	CDKNKCKH_00718	HJEMAKKM_02051	JLIOHMMF_00786	DPCFGHGE_00204	MFLDHDCJ_02344	*	OMBMDDNN_01262	KEIJJBDL_00979	DELKECNM_02083	*
444	445	0.367	*	HJEMAKKM_03902	JLIOHMMF_05014	DPCFGHGE_02995	MFLDHDCJ_03981	CGLBAHPL_04479	OMBMDDNN_02359	KEIJJBDL_02089	DELKECNM_03224	AEJOBMLO_00743
443	443	0.45	*	HJEMAKKM_05336	JLIOHMMF_05022	DPCFGHGE_02987	MFLDHDCJ_04182	CGLBAHPL_04472	OMBMDDNN_02352	KEIJJBDL_02082	DELKECNM_03217	AEJOBMLO_00750
434	465	0.103	CDKNKCKH_00944	HJEMAKKM_01879	JLIOHMMF_00962	*	MFLDHDCJ_05169,MFLDHDCJ_05164	*	OMBMDDNN_03772	KEIJJBDL_04392	DELKECNM_05086	AEJOBMLO_02555
428	428	0.429	*	HJEMAKKM_05333	JLIOHMMF_05019	DPCFGHGE_02990	MFLDHDCJ_04185	CGLBAHPL_04475	OMBMDDNN_02355	KEIJJBDL_02085	DELKECNM_03220	AEJOBMLO_00747
428	428	0.000341	CDKNKCKH_03286	HJEMAKKM_04044	JLIOHMMF_01596	DPCFGHGE_01258	MFLDHDCJ_01956	*	OMBMDDNN_03184	KEIJJBDL_00656	DELKECNM_01204	AEJOBMLO_01849
427	427	0.752	CDKNKCKH_03287	*	JLIOHMMF_01597	DPCFGHGE_01259	MFLDHDCJ_01955	CGLBAHPL_01235	OMBMDDNN_03185	*	DELKECNM_01203	AEJOBMLO_01850
424	454	0.683	CDKNKCKH_00405	*	*	DPCFGHGE_00559	*	CGLBAHPL_03030	OMBMDDNN_04930	KEIJJBDL_03754	DELKECNM_02388	AEJOBMLO_00268
422	573	0.113	*	HJEMAKKM_03426	JLIOHMMF_00742	*	MFLDHDCJ_00758	CGLBAHPL_04947	OMBMDDNN_04280	KEIJJBDL_01112	DELKECNM_05103,DELKECNM_05084	AEJOBMLO_03076
410	410	0.00101	CDKNKCKH_03367	HJEMAKKM_04508	*	DPCFGHGE_01351	MFLDHDCJ_01823	CGLBAHPL_01317	*	KEIJJBDL_00745	DELKECNM_01120	AEJOBMLO_01935
407	411	0.546	*	HJEMAKKM_04908	*	DPCFGHGE_04244	MFLDHDCJ_02758	CGLBAHPL_03443	OMBMDDNN_01825	KEIJJBDL_04059	*	AEJOBMLO_03248
407	409	0.681	*	HJEMAKKM_04907	*	DPCFGHGE_04245	MFLDHDCJ_02759	CGLBAHPL_03444	OMBMDDNN_01826	KEIJJBDL_04060	*	AEJOBMLO_03249
405	407	0.546	*	HJEMAKKM_04906	*	DPCFGHGE_04246	MFLDHDCJ_02760	CGLBAHPL_03445	OMBMDDNN_01827	KEIJJBDL_04061	*	AEJOBMLO_03250
405	405	0.679	CDKNKCKH_02917	*	JLIOHMMF_02607	*	MFLDHDCJ_00843	CGLBAHPL_03382	*	KEIJJBDL_03998	*	AEJOBMLO_03187
404	406	0.71	*	HJEMAKKM_04909	*	DPCFGHGE_04243	MFLDHDCJ_02757	CGLBAHPL_03442	OMBMDDNN_01824	KEIJJBDL_04058	*	AEJOBMLO_03247
403	407	0.15	CDKNKCKH_00943	HJEMAKKM_01880	JLIOHMMF_00961	*	MFLDHDCJ_05212	CGLBAHPL_03865	OMBMDDNN_03773	KEIJJBDL_04391	DELKECNM_05579	AEJOBMLO_02554
401	405	0.44	*	HJEMAKKM_05264	JLIOHMMF_03338	DPCFGHGE_04877	*	CGLBAHPL_05045	OMBMDDNN_05148	KEIJJBDL_05132	DELKECNM_05411	AEJOBMLO_04770
400	400	0.673	*	*	JLIOHMMF_04569	DPCFGHGE_04372	*	CGLBAHPL_01721	OMBMDDNN_03939	KEIJJBDL_00211	DELKECNM_01663	AEJOBMLO_03338
399	399	0.477	CDKNKCKH_01134	*	JLIOHMMF_01382	DPCFGHGE_01059	MFLDHDCJ_01837	*	*	KEIJJBDL_04943	DELKECNM_03838	AEJOBMLO_03659
399	399	0.454	CDKNKCKH_01626	*	JLIOHMMF_05222	DPCFGHGE_04825	MFLDHDCJ_03246	CGLBAHPL_00592	OMBMDDNN_00764	KEIJJBDL_03859	DELKECNM_04510	AEJOBMLO_01334
397	397	0.328	CDKNKCKH_01625	*	JLIOHMMF_05223	DPCFGHGE_04826	MFLDHDCJ_03245	CGLBAHPL_00591	OMBMDDNN_00765	KEIJJBDL_03858	DELKECNM_04509	AEJOBMLO_01333
396	490	0.15	*	*	JLIOHMMF_00703	DPCFGHGE_00277	*	CGLBAHPL_04986	OMBMDDNN_05375	KEIJJBDL_01156	DELKECNM_04657	AEJOBMLO_03036
396	396	0.062	*	*	*	DPCFGHGE_01388	*	CGLBAHPL_01354	OMBMDDNN_02620	KEIJJBDL_00782	DELKECNM_01083	*
395	442	0.701	CDKNKCKH_00940	HJEMAKKM_01882	JLIOHMMF_00958	*	MFLDHDCJ_04212	CGLBAHPL_03837,CGLBAHPL_03867	OMBMDDNN_03725,OMBMDDNN_03775	KEIJJBDL_04389	*	AEJOBMLO_02551
395	395	0.514	CDKNKCKH_01119	*	JLIOHMMF_01397	DPCFGHGE_01072	MFLDHDCJ_03580	*	*	KEIJJBDL_00474	DELKECNM_03886	AEJOBMLO_03669
394	480	0.463	CDKNKCKH_04689	*	JLIOHMMF_04486	*	MFLDHDCJ_04216	CGLBAHPL_03502,CGLBAHPL_05205	*	KEIJJBDL_04118	*	AEJOBMLO_04733,AEJOBMLO_05399
394	477	0.724	CDKNKCKH_04688	*	JLIOHMMF_04487	*	MFLDHDCJ_04217	CGLBAHPL_03503	*	KEIJJBDL_04119	*	AEJOBMLO_04734,AEJOBMLO_05398
394	476	0.536	CDKNKCKH_04687	*	JLIOHMMF_04488	*	MFLDHDCJ_04218	CGLBAHPL_03504	*	KEIJJBDL_04120	*	AEJOBMLO_04735,AEJOBMLO_05397
394	407	0.839	CDKNKCKH_04682	*	JLIOHMMF_04493	*	MFLDHDCJ_04223	CGLBAHPL_03509	*	KEIJJBDL_04125	*	AEJOBMLO_04740
394	406	0.772	CDKNKCKH_04679	*	JLIOHMMF_04496	*	MFLDHDCJ_04226	CGLBAHPL_03512	*	KEIJJBDL_04128	*	AEJOBMLO_04743
394	406	0.53	CDKNKCKH_04680	*	JLIOHMMF_04495	*	MFLDHDCJ_04225	CGLBAHPL_03511	*	KEIJJBDL_04127	*	AEJOBMLO_04742
394	404	0.789	CDKNKCKH_04677	*	JLIOHMMF_04498	*	MFLDHDCJ_04442	CGLBAHPL_03514	*	KEIJJBDL_04130	*	AEJOBMLO_04745
394	403	0.838	CDKNKCKH_04675	*	JLIOHMMF_04500	*	MFLDHDCJ_04444	CGLBAHPL_03516	*	KEIJJBDL_04132	*	AEJOBMLO_04747
394	403	0.602	CDKNKCKH_04674	*	JLIOHMMF_04501	*	MFLDHDCJ_04445	CGLBAHPL_03517	*	KEIJJBDL_04133	*	AEJOBMLO_04748
393	406	0.809	CDKNKCKH_04681	*	JLIOHMMF_04494	*	MFLDHDCJ_04224	CGLBAHPL_03510	*	KEIJJBDL_04126	*	AEJOBMLO_04741
393	393	0.469	CDKNKCKH_01120	*	JLIOHMMF_01396	DPCFGHGE_01071	MFLDHDCJ_03579	*	*	KEIJJBDL_00473	DELKECNM_03887	AEJOBMLO_03668
392	425	0.854	CDKNKCKH_04686	*	JLIOHMMF_04489	*	MFLDHDCJ_04219	CGLBAHPL_03505	*	KEIJJBDL_04121	*	AEJOBMLO_04736
392	407	0.852	CDKNKCKH_04684	*	JLIOHMMF_04491	*	MFLDHDCJ_04221	CGLBAHPL_03507	*	KEIJJBDL_04123	*	AEJOBMLO_04738
392	405	0.706	CDKNKCKH_04683	*	JLIOHMMF_04492	*	MFLDHDCJ_04222	CGLBAHPL_03508	*	KEIJJBDL_04124	*	AEJOBMLO_04739
392	401	0.587	CDKNKCKH_04676	*	JLIOHMMF_04499	*	MFLDHDCJ_04443	CGLBAHPL_03515	*	KEIJJBDL_04131	*	AEJOBMLO_04746
392	392	0.558	CDKNKCKH_01132	*	JLIOHMMF_01384	DPCFGHGE_01061	MFLDHDCJ_01835	*	*	KEIJJBDL_04945	DELKECNM_03840	AEJOBMLO_03661
391	391	0.524	CDKNKCKH_01133	*	JLIOHMMF_01383	DPCFGHGE_01060	MFLDHDCJ_01836	*	*	KEIJJBDL_04944	DELKECNM_03839	AEJOBMLO_03660
391	391	0.0143	CDKNKCKH_01122	*	JLIOHMMF_01394	DPCFGHGE_01069	MFLDHDCJ_03577	*	*	KEIJJBDL_00471	DELKECNM_03889	AEJOBMLO_03666
390	390	0.528	CDKNKCKH_00148	HJEMAKKM_00802	JLIOHMMF_00149	*	*	*	*	*	*	*
